{
    "$schema": "https://schema.management.azure.com/schemas/2015-01-01/deploymentParameters.json#",
    "contentVersion": "1.0.0.0",
    "parameters": {
        "location": {
            "value": "eastus"
        },
        "resourceGroup": {
            "value": "rg_eastus_77623_1_16652606221495"
        },
        "azureFirewallName": {
            "value": "az104firewallpjh"
        },
        "azureFirewallTier": {
            "value": "Premium"
        },
        "vnetName": {
            "value": "az104vnetpjh"
        },
        "vnetAddressSpace": {
            "value": "10.0.5.0/24"
        },
        "subnetAddressSpace": {
            "value": "10.0.5.0/25"
        },
        "zones": {
            "value": []
        },
        "publicIpAddressName": {
            "value": "az104publicipjh2"
        },
        "publicIpZones": {
            "value": []
        }
    }
}