{
    "$schema": "https://schema.management.azure.com/schemas/2015-01-01/deploymentParameters.json#",
    "contentVersion": "1.0.0.0",
    "parameters": {
        "resourceName": {
            "value": "askclusterpjh"
        },
        "location": {
            "value": "eastus"
        },
        "dnsPrefix": {
            "value": "askclusterpjh-dns"
        },
        "kubernetesVersion": {
            "value": "1.23.12"
        },
        "networkPlugin": {
            "value": "kubenet"
        },
        "enableRBAC": {
            "value": true
        },
        "nodeResourceGroup": {
            "value": "rg_eastus_77623_1_1668035045607pjh"
        },
        "adminGroupObjectIDs": {
            "value": []
        },
        "disableLocalAccounts": {
            "value": false
        },
        "azureRbac": {
            "value": false
        },
        "enablePrivateCluster": {
            "value": false
        },
        "enableHttpApplicationRouting": {
            "value": false
        },
        "enableAzurePolicy": {
            "value": false
        },
        "enableSecretStoreCSIDriver": {
            "value": false
        },
        "vmssNodePool": {
            "value": true
        }
    }
}