{
    "$schema": "https://schema.management.azure.com/schemas/2015-01-01/deploymentParameters.json#",
    "contentVersion": "1.0.0.0",
    "parameters": {
        "location": {
            "value": "westeurope"
        },
        "extendedLocation": {
            "value": {}
        },
        "virtualNetworkName": {
            "value": "vnet1"
        },
        "resourceGroup": {
            "value": "rg_westeurope_77623_1_16771936991018"
        },
        "addressSpaces": {
            "value": [
                "10.0.0.0/16"
            ]
        },
        "ipv6Enabled": {
            "value": false
        },
        "subnetCount": {
            "value": 1
        },
        "subnet0_name": {
            "value": "default"
        },
        "subnet0_addressRange": {
            "value": "10.0.0.0/24"
        },
        "ddosProtectionPlanEnabled": {
            "value": false
        },
        "firewallEnabled": {
            "value": false
        },
        "bastionEnabled": {
            "value": false
        }
    }
}