{
    "$schema": "https://schema.management.azure.com/schemas/2019-04-01/deploymentTemplate.json#",
    "contentVersion": "1.0.0.0",
    "parameters": {
        "storageAccounts_bidforservicestorage_name": {
            "defaultValue": "bidforservicestorage",
            "type": "String"
        }
    },
    "variables": {},
    "resources": [
        {
            "type": "Microsoft.Storage/storageAccounts",
            "apiVersion": "2022-05-01",
            "name": "[parameters('storageAccounts_bidforservicestorage_name')]",
            "location": "eastus",
            "tags": {
                "ms-resource-usage": "azure-cloud-shell"
            },
            "sku": {
                "name": "Standard_LRS",
                "tier": "Standard"
            },
            "kind": "StorageV2",
            "properties": {
                "minimumTlsVersion": "TLS1_0",
                "allowBlobPublicAccess": true,
                "networkAcls": {
                    "bypass": "AzureServices",
                    "virtualNetworkRules": [],
                    "ipRules": [],
                    "defaultAction": "Allow"
                },
                "supportsHttpsTrafficOnly": true,
                "encryption": {
                    "services": {
                        "file": {
                            "keyType": "Account",
                            "enabled": true
                        },
                        "blob": {
                            "keyType": "Account",
                            "enabled": true
                        }
                    },
                    "keySource": "Microsoft.Storage"
                },
                "accessTier": "Hot"
            }
        },
        {
            "type": "Microsoft.Storage/storageAccounts/blobServices",
            "apiVersion": "2022-05-01",
            "name": "[concat(parameters('storageAccounts_bidforservicestorage_name'), '/default')]",
            "dependsOn": [
                "[resourceId('Microsoft.Storage/storageAccounts', parameters('storageAccounts_bidforservicestorage_name'))]"
            ],
            "sku": {
                "name": "Standard_LRS",
                "tier": "Standard"
            },
            "properties": {
                "cors": {
                    "corsRules": []
                },
                "deleteRetentionPolicy": {
                    "allowPermanentDelete": false,
                    "enabled": false
                }
            }
        },
        {
            "type": "Microsoft.Storage/storageAccounts/fileServices",
            "apiVersion": "2022-05-01",
            "name": "[concat(parameters('storageAccounts_bidforservicestorage_name'), '/default')]",
            "dependsOn": [
                "[resourceId('Microsoft.Storage/storageAccounts', parameters('storageAccounts_bidforservicestorage_name'))]"
            ],
            "sku": {
                "name": "Standard_LRS",
                "tier": "Standard"
            },
            "properties": {
                "protocolSettings": {
                    "smb": {}
                },
                "cors": {
                    "corsRules": []
                }
            }
        },
        {
            "type": "Microsoft.Storage/storageAccounts/queueServices",
            "apiVersion": "2022-05-01",
            "name": "[concat(parameters('storageAccounts_bidforservicestorage_name'), '/default')]",
            "dependsOn": [
                "[resourceId('Microsoft.Storage/storageAccounts', parameters('storageAccounts_bidforservicestorage_name'))]"
            ],
            "properties": {
                "cors": {
                    "corsRules": []
                }
            }
        },
        {
            "type": "Microsoft.Storage/storageAccounts/tableServices",
            "apiVersion": "2022-05-01",
            "name": "[concat(parameters('storageAccounts_bidforservicestorage_name'), '/default')]",
            "dependsOn": [
                "[resourceId('Microsoft.Storage/storageAccounts', parameters('storageAccounts_bidforservicestorage_name'))]"
            ],
            "properties": {
                "cors": {
                    "corsRules": []
                }
            }
        },
        {
            "type": "Microsoft.Storage/storageAccounts/blobServices/containers",
            "apiVersion": "2022-05-01",
            "name": "[concat(parameters('storageAccounts_bidforservicestorage_name'), '/default/azure-webjobs-hosts')]",
            "dependsOn": [
                "[resourceId('Microsoft.Storage/storageAccounts/blobServices', parameters('storageAccounts_bidforservicestorage_name'), 'default')]",
                "[resourceId('Microsoft.Storage/storageAccounts', parameters('storageAccounts_bidforservicestorage_name'))]"
            ],
            "properties": {
                "immutableStorageWithVersioning": {
                    "enabled": false
                },
                "defaultEncryptionScope": "$account-encryption-key",
                "denyEncryptionScopeOverride": false,
                "publicAccess": "None"
            }
        },
        {
            "type": "Microsoft.Storage/storageAccounts/blobServices/containers",
            "apiVersion": "2022-05-01",
            "name": "[concat(parameters('storageAccounts_bidforservicestorage_name'), '/default/azure-webjobs-secrets')]",
            "dependsOn": [
                "[resourceId('Microsoft.Storage/storageAccounts/blobServices', parameters('storageAccounts_bidforservicestorage_name'), 'default')]",
                "[resourceId('Microsoft.Storage/storageAccounts', parameters('storageAccounts_bidforservicestorage_name'))]"
            ],
            "properties": {
                "immutableStorageWithVersioning": {
                    "enabled": false
                },
                "defaultEncryptionScope": "$account-encryption-key",
                "denyEncryptionScopeOverride": false,
                "publicAccess": "None"
            }
        },
        {
            "type": "Microsoft.Storage/storageAccounts/blobServices/containers",
            "apiVersion": "2022-05-01",
            "name": "[concat(parameters('storageAccounts_bidforservicestorage_name'), '/default/bidforservice204-applease')]",
            "dependsOn": [
                "[resourceId('Microsoft.Storage/storageAccounts/blobServices', parameters('storageAccounts_bidforservicestorage_name'), 'default')]",
                "[resourceId('Microsoft.Storage/storageAccounts', parameters('storageAccounts_bidforservicestorage_name'))]"
            ],
            "properties": {
                "immutableStorageWithVersioning": {
                    "enabled": false
                },
                "defaultEncryptionScope": "$account-encryption-key",
                "denyEncryptionScopeOverride": false,
                "publicAccess": "None"
            }
        },
        {
            "type": "Microsoft.Storage/storageAccounts/blobServices/containers",
            "apiVersion": "2022-05-01",
            "name": "[concat(parameters('storageAccounts_bidforservicestorage_name'), '/default/bidforservice204-leases')]",
            "dependsOn": [
                "[resourceId('Microsoft.Storage/storageAccounts/blobServices', parameters('storageAccounts_bidforservicestorage_name'), 'default')]",
                "[resourceId('Microsoft.Storage/storageAccounts', parameters('storageAccounts_bidforservicestorage_name'))]"
            ],
            "properties": {
                "immutableStorageWithVersioning": {
                    "enabled": false
                },
                "defaultEncryptionScope": "$account-encryption-key",
                "denyEncryptionScopeOverride": false,
                "publicAccess": "None"
            }
        },
        {
            "type": "Microsoft.Storage/storageAccounts/blobServices/containers",
            "apiVersion": "2022-05-01",
            "name": "[concat(parameters('storageAccounts_bidforservicestorage_name'), '/default/bootdiagnostics-bidforser-4d4ba813-3e47-40b2-8021-08c8c2878c45')]",
            "dependsOn": [
                "[resourceId('Microsoft.Storage/storageAccounts/blobServices', parameters('storageAccounts_bidforservicestorage_name'), 'default')]",
                "[resourceId('Microsoft.Storage/storageAccounts', parameters('storageAccounts_bidforservicestorage_name'))]"
            ],
            "properties": {
                "immutableStorageWithVersioning": {
                    "enabled": false
                },
                "defaultEncryptionScope": "$account-encryption-key",
                "denyEncryptionScopeOverride": false,
                "publicAccess": "None"
            }
        },
        {
            "type": "Microsoft.Storage/storageAccounts/blobServices/containers",
            "apiVersion": "2022-05-01",
            "name": "[concat(parameters('storageAccounts_bidforservicestorage_name'), '/default/data')]",
            "dependsOn": [
                "[resourceId('Microsoft.Storage/storageAccounts/blobServices', parameters('storageAccounts_bidforservicestorage_name'), 'default')]",
                "[resourceId('Microsoft.Storage/storageAccounts', parameters('storageAccounts_bidforservicestorage_name'))]"
            ],
            "properties": {
                "immutableStorageWithVersioning": {
                    "enabled": false
                },
                "defaultEncryptionScope": "$account-encryption-key",
                "denyEncryptionScopeOverride": false,
                "publicAccess": "None"
            }
        },
        {
            "type": "Microsoft.Storage/storageAccounts/blobServices/containers",
            "apiVersion": "2022-05-01",
            "name": "[concat(parameters('storageAccounts_bidforservicestorage_name'), '/default/new')]",
            "dependsOn": [
                "[resourceId('Microsoft.Storage/storageAccounts/blobServices', parameters('storageAccounts_bidforservicestorage_name'), 'default')]",
                "[resourceId('Microsoft.Storage/storageAccounts', parameters('storageAccounts_bidforservicestorage_name'))]"
            ],
            "properties": {
                "immutableStorageWithVersioning": {
                    "enabled": false
                },
                "defaultEncryptionScope": "$account-encryption-key",
                "denyEncryptionScopeOverride": false,
                "publicAccess": "None"
            }
        },
        {
            "type": "Microsoft.Storage/storageAccounts/blobServices/containers",
            "apiVersion": "2022-05-01",
            "name": "[concat(parameters('storageAccounts_bidforservicestorage_name'), '/default/sduffy204')]",
            "dependsOn": [
                "[resourceId('Microsoft.Storage/storageAccounts/blobServices', parameters('storageAccounts_bidforservicestorage_name'), 'default')]",
                "[resourceId('Microsoft.Storage/storageAccounts', parameters('storageAccounts_bidforservicestorage_name'))]"
            ],
            "properties": {
                "immutableStorageWithVersioning": {
                    "enabled": false
                },
                "defaultEncryptionScope": "$account-encryption-key",
                "denyEncryptionScopeOverride": false,
                "publicAccess": "None"
            }
        },
        {
            "type": "Microsoft.Storage/storageAccounts/blobServices/containers",
            "apiVersion": "2022-05-01",
            "name": "[concat(parameters('storageAccounts_bidforservicestorage_name'), '/default/sduffyaz104')]",
            "dependsOn": [
                "[resourceId('Microsoft.Storage/storageAccounts/blobServices', parameters('storageAccounts_bidforservicestorage_name'), 'default')]",
                "[resourceId('Microsoft.Storage/storageAccounts', parameters('storageAccounts_bidforservicestorage_name'))]"
            ],
            "properties": {
                "immutableStorageWithVersioning": {
                    "enabled": false
                },
                "defaultEncryptionScope": "$account-encryption-key",
                "denyEncryptionScopeOverride": false,
                "publicAccess": "None"
            }
        },
        {
            "type": "Microsoft.Storage/storageAccounts/fileServices/shares",
            "apiVersion": "2022-05-01",
            "name": "[concat(parameters('storageAccounts_bidforservicestorage_name'), '/default/bidforservice204a5dd')]",
            "dependsOn": [
                "[resourceId('Microsoft.Storage/storageAccounts/fileServices', parameters('storageAccounts_bidforservicestorage_name'), 'default')]",
                "[resourceId('Microsoft.Storage/storageAccounts', parameters('storageAccounts_bidforservicestorage_name'))]"
            ],
            "properties": {
                "accessTier": "TransactionOptimized",
                "shareQuota": 5120,
                "enabledProtocols": "SMB"
            }
        },
        {
            "type": "Microsoft.Storage/storageAccounts/fileServices/shares",
            "apiVersion": "2022-05-01",
            "name": "[concat(parameters('storageAccounts_bidforservicestorage_name'), '/default/', parameters('storageAccounts_bidforservicestorage_name'), 'fileshare')]",
            "dependsOn": [
                "[resourceId('Microsoft.Storage/storageAccounts/fileServices', parameters('storageAccounts_bidforservicestorage_name'), 'default')]",
                "[resourceId('Microsoft.Storage/storageAccounts', parameters('storageAccounts_bidforservicestorage_name'))]"
            ],
            "properties": {
                "accessTier": "TransactionOptimized",
                "shareQuota": 6,
                "enabledProtocols": "SMB"
            }
        },
        {
            "type": "Microsoft.Storage/storageAccounts/queueServices/queues",
            "apiVersion": "2022-05-01",
            "name": "[concat(parameters('storageAccounts_bidforservicestorage_name'), '/default/bidforservice204-control-00')]",
            "dependsOn": [
                "[resourceId('Microsoft.Storage/storageAccounts/queueServices', parameters('storageAccounts_bidforservicestorage_name'), 'default')]",
                "[resourceId('Microsoft.Storage/storageAccounts', parameters('storageAccounts_bidforservicestorage_name'))]"
            ],
            "properties": {
                "metadata": {}
            }
        },
        {
            "type": "Microsoft.Storage/storageAccounts/queueServices/queues",
            "apiVersion": "2022-05-01",
            "name": "[concat(parameters('storageAccounts_bidforservicestorage_name'), '/default/bidforservice204-control-01')]",
            "dependsOn": [
                "[resourceId('Microsoft.Storage/storageAccounts/queueServices', parameters('storageAccounts_bidforservicestorage_name'), 'default')]",
                "[resourceId('Microsoft.Storage/storageAccounts', parameters('storageAccounts_bidforservicestorage_name'))]"
            ],
            "properties": {
                "metadata": {}
            }
        },
        {
            "type": "Microsoft.Storage/storageAccounts/queueServices/queues",
            "apiVersion": "2022-05-01",
            "name": "[concat(parameters('storageAccounts_bidforservicestorage_name'), '/default/bidforservice204-control-02')]",
            "dependsOn": [
                "[resourceId('Microsoft.Storage/storageAccounts/queueServices', parameters('storageAccounts_bidforservicestorage_name'), 'default')]",
                "[resourceId('Microsoft.Storage/storageAccounts', parameters('storageAccounts_bidforservicestorage_name'))]"
            ],
            "properties": {
                "metadata": {}
            }
        },
        {
            "type": "Microsoft.Storage/storageAccounts/queueServices/queues",
            "apiVersion": "2022-05-01",
            "name": "[concat(parameters('storageAccounts_bidforservicestorage_name'), '/default/bidforservice204-control-03')]",
            "dependsOn": [
                "[resourceId('Microsoft.Storage/storageAccounts/queueServices', parameters('storageAccounts_bidforservicestorage_name'), 'default')]",
                "[resourceId('Microsoft.Storage/storageAccounts', parameters('storageAccounts_bidforservicestorage_name'))]"
            ],
            "properties": {
                "metadata": {}
            }
        },
        {
            "type": "Microsoft.Storage/storageAccounts/queueServices/queues",
            "apiVersion": "2022-05-01",
            "name": "[concat(parameters('storageAccounts_bidforservicestorage_name'), '/default/bidforservice204-workitems')]",
            "dependsOn": [
                "[resourceId('Microsoft.Storage/storageAccounts/queueServices', parameters('storageAccounts_bidforservicestorage_name'), 'default')]",
                "[resourceId('Microsoft.Storage/storageAccounts', parameters('storageAccounts_bidforservicestorage_name'))]"
            ],
            "properties": {
                "metadata": {}
            }
        },
        {
            "type": "Microsoft.Storage/storageAccounts/tableServices/tables",
            "apiVersion": "2022-05-01",
            "name": "[concat(parameters('storageAccounts_bidforservicestorage_name'), '/default/bidforservice204History')]",
            "dependsOn": [
                "[resourceId('Microsoft.Storage/storageAccounts/tableServices', parameters('storageAccounts_bidforservicestorage_name'), 'default')]",
                "[resourceId('Microsoft.Storage/storageAccounts', parameters('storageAccounts_bidforservicestorage_name'))]"
            ],
            "properties": {}
        },
        {
            "type": "Microsoft.Storage/storageAccounts/tableServices/tables",
            "apiVersion": "2022-05-01",
            "name": "[concat(parameters('storageAccounts_bidforservicestorage_name'), '/default/bidforservice204Instances')]",
            "dependsOn": [
                "[resourceId('Microsoft.Storage/storageAccounts/tableServices', parameters('storageAccounts_bidforservicestorage_name'), 'default')]",
                "[resourceId('Microsoft.Storage/storageAccounts', parameters('storageAccounts_bidforservicestorage_name'))]"
            ],
            "properties": {}
        },
        {
            "type": "Microsoft.Storage/storageAccounts/tableServices/tables",
            "apiVersion": "2022-05-01",
            "name": "[concat(parameters('storageAccounts_bidforservicestorage_name'), '/default/customer')]",
            "dependsOn": [
                "[resourceId('Microsoft.Storage/storageAccounts/tableServices', parameters('storageAccounts_bidforservicestorage_name'), 'default')]",
                "[resourceId('Microsoft.Storage/storageAccounts', parameters('storageAccounts_bidforservicestorage_name'))]"
            ],
            "properties": {}
        }
    ]
}