{
  "$schema": "https://schema.management.azure.com/schemas/2019-04-01/deploymentTemplate.json#",
  "contentVersion": "1.0.0.0",
  "metadata": {
    "_generator": {
      "name": "bicep",
      "version": "0.5.6.12127",
      "templateHash": "16940368634879422816"
    }
  },
  "parameters": {
    "projectName": {
      "type": "string",
      "metadata": {
        "description": "Specifies a project name that is used to generate the Event Hub name and the Namespace name."
      }
    },
    "location": {
      "type": "string",
      "defaultValue": "[resourceGroup().location]",
      "metadata": {
        "description": "Specifies the Azure location for all resources."
      }
    },
    "eventHubSku": {
      "type": "string",
      "defaultValue": "Standard",
      "allowedValues": [
        "Basic",
        "Standard"
      ],
      "metadata": {
        "description": "Specifies the messaging tier for Event Hub Namespace."
      }
    }
  },
  "variables": {
    "eventHubNamespaceName": "[format('{0}ns', parameters('projectName'))]",
    "eventHubName": "[parameters('projectName')]"
  },
  "resources": [
    {
      "type": "Microsoft.EventHub/namespaces",
      "apiVersion": "2021-11-01",
      "name": "[variables('eventHubNamespaceName')]",
      "location": "[parameters('location')]",
      "sku": {
        "name": "[parameters('eventHubSku')]",
        "tier": "[parameters('eventHubSku')]",
        "capacity": 1
      },
      "properties": {
        "isAutoInflateEnabled": false,
        "maximumThroughputUnits": 0
      }
    },
    {
      "type": "Microsoft.EventHub/namespaces/eventhubs",
      "apiVersion": "2021-11-01",
      "name": "[format('{0}/{1}', variables('eventHubNamespaceName'), variables('eventHubName'))]",
      "properties": {
        "messageRetentionInDays": 7,
        "partitionCount": 1
      },
      "dependsOn": [
        "[resourceId('Microsoft.EventHub/namespaces', variables('eventHubNamespaceName'))]"
      ]
    }
  ]
}